{
    "accuracy": 0.6466666666666666,
    "precision": 0.625,
    "recall": 0.7333333333333333,
    "auc": 0.6634666666666666
}