{
    "accuracy": 0.6266666666666667,
    "precision": 0.6363636363636364,
    "recall": 0.49295774647887325,
    "auc": 0.7070779105009806
}