{
    "accuracy": 0.7533333333333333,
    "precision": 0.8035714285714286,
    "recall": 0.6338028169014085,
    "auc": 0.8470315564271705
}